,0
0,7 novembre 2016
1,5 décembre 2016
2,27 octobre 2016
3,3. November 2016
4,6. Dezember 2016
5,6 décembre 2016
6,1. Dezember 2016
7,13. Dezember 2016
8,7. Oktober 2016
9,5 janvier 2017
10,5 octobre 2016
11,4 janvier 2017
12,12. Dezember 2016
13,30. Dezember 2016
14,24 octobre 2016
15,20 octobre 2016
16,9 janvier 2017
17,5. Januar 2017
18,30. November 2016
19,10. November 2016
20,9 novembre 2016
21,28. November 2016
22,24. November 2016
23,4. November 2016
24,8 novembre 2016
25,28 novembre 2016
26,29. November 2016
27,20. Oktober 2016
28,5. Januar 2017
29,10. Januar 2017
30,21 octobre 2016
31,20 octobre 2016
32,28 décembre 2016
33,9 décembre 2016
34,28. Dezember 2016
35,3. Oktober 2016
36,4. Januar 2017
37,7 octobre 2016
38,13. Dezember 2016
39,9. Dezember 2016
40,6 décembre 2016
41,2. November 2016
42,5. Dezember 2016
43,6. Dezember 2016
44,31. Oktober 2016
45,3. November 2016
46,6. Dezember 2016
47,3 novembre 2016
48,20 octobre 2016
49,5. Dezember 2016
50,1. November 2016
51,30. November 2016
52,23 novembre 2016
53,15. Dezember 2016
54,30 décembre 2016
55,4 octobre 2016
56,3 janvier 2017
57,20. Oktober 2016
58,20. Oktober 2016
59,6. Januar 2017
60,9. Januar 2017
61,5. Dezember 2016
62,29. November 2016
63,8. November 2016
64,10. November 2016
65,30 novembre 2016
66,8 novembre 2016
67,14. Oktober 2016
68,10 novembre 2016
69,30 novembre 2016
70,28. November 2016
71,9 novembre 2016
72,1. Dezember 2016
73,9. Januar 2017
74,15. Dezember 2016
75,24 octobre 2016
76,20. Oktober 2016
77,4. Januar 2017
78,5 octobre 2016
79,30 décembre 2016
80,15 décembre 2016
81,7 novembre 2016
82,13. Dezember 2016
83,27. Oktober 2016
84,31. Oktober 2016
85,1. Dezember 2016
86,5 décembre 2016
87,2 novembre 2016
88,2. November 2016
89,2. November 2016
90,8 novembre 2016
91,1. Dezember 2016
92,2. November 2016
93,20 ottobre 2016
94,12. Dezember 2016
95,28. Dezember 2016
96,4 octobre 2016
97,4 janvier 2017
98,6. Januar 2017
99,6. Januar 2017
100,24. Oktober 2016
101,24. Oktober 2016
102,2. Dezember 2016
103,14 novembre 2016
104,8. November 2016
105,29. November 2016
106,29. November 2016
107,9. November 2016
108,1. Dezember 2016
109,21. Oktober 2016
110,3. November 2016
111,28. November 2016
112,14 novembre 2016
113,2. Dezember 2016
114,24. Oktober 2016
115,20 octobre 2016
116,9. Januar 2017
117,6. Januar 2017
118,29. Dezember 2016
119,4 octobre 2016
120,23. Dezember 2016
121,12 décembre 2016
122,2 dicembre 2016
123,1. Dezember 2016
124,2. November 2016
125,6 octobre 2016
126,2 décembre 2016
127,1. November 2016
128,7. November 2016
129,10. November 2016
130,2. November 2016
131,5. Dezember 2016
132,7 novembre 2016
133,3. November 2016
134,7 novembre 2016
135,9 décembre 2016
136,3 janvier 2017
137,19 décembre 2016
138,10 octobre 2016
139,28. Dezember 2016
140,9 janvier 2017
141,5 janvier 2017
142,19. Oktober 2016
143,20. Oktober 2016
144,29. November 2016
145,9. November 2016
146,30 novembre 2016
147,29. November 2016
148,9. November 2016
149,29. November 2016
150,8. November 2016
151,26. Oktober 2016
152,29. November 2016
153,24. November 2016
154,20. Oktober 2016
155,20. Oktober 2016
156,5. Januar 2017
157,9. Januar 2017
158,21. Dezember 2016
159,11. Oktober 2016
160,23. Dezember 2016
161,3. Januar 2017
162,8. Dezember 2016
163,27 ottobre 2016
164,2. Dezember 2016
165,31 octobre 2016
166,2 novembre 2016
167,28. November 2016
168,9 novembre 2016
169,7. November 2016
170,25. Oktober 2016
171,8. Dezember 2016
172,8 décembre 2016
173,21. Oktober 2016
174,31 octobre 2016
175,19. Dezember 2016
176,19. Dezember 2016
177,19. Dezember 2016
178,18. Oktober 2016
179,8 décembre 2016
180,17. Oktober 2016
181,29 décembre 2016
182,18. Oktober 2016
183,24. Oktober 2016
184,18. November 2016
185,23 novembre 2016
186,23. November 2016
187,15. November 2016
188,15. November 2016
189,11. November 2016
190,23 novembre 2016
191,16. November 2016
192,11 novembre 2016
193,11. Oktober 2016
194,18. Oktober 2016
195,24. Oktober 2016
196,29 décembre 2016
197,17. Oktober 2016
198,14. Dezember 2016
199,18. Oktober 2016
200,14. Dezember 2016
201,19. Dezember 2016
202,19. Dezember 2016
203,31 octobre 2016
204,22 novembre 2016
205,11. Oktober 2016
206,25. Oktober 2016
207,9. Dezember 2016
208,27 octobre 2016
209,8 décembre 2016
210,8 décembre 2016
211,25 octobre 2016
212,8 décembre 2016
213,3. Oktober 2016
214,20. Dezember 2016
215,16. Dezember 2016
216,12. Oktober 2016
217,14 décembre 2016
218,13. Oktober 2016
219,29. Dezember 2016
220,18. Oktober 2016
221,1. Dezember 2016
222,24. Oktober 2016
223,22. November 2016
224,4. November 2016
225,21. November 2016
226,21. Oktober 2016
227,21. November 2016
228,15. November 2016
229,15. November 2016
230,21. Oktober 2016
231,22. November 2016
232,17. November 2016
233,23. November 2016
234,10. November 2016
235,24 octobre 2016
236,28. November 2016
237,13. Oktober 2016
238,28. Dezember 2016
239,4. Oktober 2016
240,20 décembre 2016
241,12. Oktober 2016
242,15. Dezember 2016
243,13 décembre 2016
244,20. Dezember 2016
245,9 décembre 2016
246,8. Dezember 2016
247,6 octobre 2016
248,25. Oktober 2016
249,9 décembre 2016
250,8. Dezember 2016
251,8 décembre 2016
252,11 octobre 2016
253,27. Oktober 2016
254,8. Dezember 2016
255,22 décembre 2016
256,21. Dezember 2016
257,16. Dezember 2016
258,13. Oktober 2016
259,29. Dezember 2016
260,17. Oktober 2016
261,29 décembre 2016
262,13. Oktober 2016
263,28. Dezember 2016
264,2 novembre 2016
265,25. November 2016
266,23. November 2016
267,16. November 2016
268,14. November 2016
269,23 novembre 2016
270,21 novembre 2016
271,24 novembre 2016
272,22. November 2016
273,17. November 2016
274,25 novembre 2016
275,23. November 2016
276,28 décembre 2016
277,3. Oktober 2016
278,30 décembre 2016
279,17. Oktober 2016
280,29. Dezember 2016
281,10. Oktober 2016
282,16. Dezember 2016
283,20. Dezember 2016
284,22 décembre 2016
285,24 octobre 2016
286,9. Dezember 2016
287,8 novembre 2016
288,26. Oktober 2016
289,7 décembre 2016
290,31. Oktober 2016
291,9. Dezember 2016
292,10 octobre 2016
293,26. Oktober 2016
294,6 décembre 2016
295,15. Dezember 2016
296,16. Dezember 2016
297,21 ottobre 2016
298,17. Oktober 2016
299,28. Dezember 2016
300,4. Oktober 2016
301,28. Dezember 2016
302,20. Oktober 2016
303,14 novembre 2016
304,23 novembre 2016
305,18. November 2016
306,17 novembre 2016
307,23 novembre 2016
308,17. November 2016
309,23. November 2016
310,24. November 2016
311,18 novembre 2016
312,10 novembre 2016
313,20 octobre 2016
314,25. Oktober 2016
315,30 décembre 2016
316,11. Oktober 2016
317,30. Dezember 2016
318,12. Oktober 2016
319,20 décembre 2016
320,19 décembre 2016
321,6 décembre 2016
322,26 octobre 2016
323,7 décembre 2016
324,8. Dezember 2016
325,19. Oktober 2016
326,26. Oktober 2016
327,27 octobre 2016
328,7. Dezember 2016
329,7. Dezember 2016
330,25. Oktober 2016
331,26. Oktober 2016
332,21 décembre 2016
333,21. Dezember 2016
334,15. Dezember 2016
335,6 décembre 2016
336,20. Dezember 2016
337,4. Oktober 2016
338,28. Dezember 2016
339,12. Oktober 2016
340,24. November 2016
341,18 octobre 2016
342,10. Oktober 2016
343,3 novembre 2016
344,21. November 2016
345,4 novembre 2016
346,27. Oktober 2016
347,25 novembre 2016
348,7 ottobre 2016
349,17. November 2016
350,16. November 2016
351,28 novembre 2016
352,31. Oktober 2016
353,11 novembre 2016
354,27. Oktober 2016
355,22 novembre 2016
356,16. November 2016
357,3. Oktober 2016
358,3. Oktober 2016
359,1. Dezember 2016
360,11. Oktober 2016
361,27. Dezember 2016
362,12 octobre 2016
363,21. Dezember 2016
364,8. Dezember 2016
365,13. Dezember 2016
366,21. Dezember 2016
367,22. Dezember 2016
368,26. Oktober 2016
369,7. Dezember 2016
370,26 octobre 2016
371,27. Oktober 2016
372,6. Dezember 2016
373,27 octobre 2016
374,7. Dezember 2016
375,7 décembre 2016
376,28. Oktober 2016
377,22 décembre 2016
378,22. Dezember 2016
379,15. Dezember 2016
380,15. Dezember 2016
381,11. Oktober 2016
382,29. Dezember 2016
383,4. Oktober 2016
384,14 novembre 2016
385,4 octobre 2016
386,10 octobre 2016
387,16. Dezember 2016
388,19. Oktober 2016
389,20 octobre 2016
390,21 novembre 2016
391,7 novembre 2016
392,9 novembre 2016
393,24. November 2016
394,20. Oktober 2016
395,15. November 2016
396,24. November 2016
397,24. November 2016
398,20. Oktober 2016
399,11 novembre 2016
400,9 novembre 2016
401,27 ottobre 2016
402,15. November 2016
403,21. November 2016
404,21. Oktober 2016
405,18. Oktober 2016
406,29. Dezember 2016
407,14 octobre 2016
408,14. Oktober 2016
409,5. Oktober 2016
410,30. Dezember 2016
411,12 octobre 2016
412,13. Dezember 2016
413,19. Dezember 2016
414,22. Dezember 2016
415,7 décembre 2016
416,28. Oktober 2016
417,25 octobre 2016
418,7. Dezember 2016
419,9. Dezember 2016
420,8. Dezember 2016
421,20. Oktober 2016
422,28. Oktober 2016
423,6 décembre 2016
424,22. Dezember 2016
425,21 décembre 2016
426,16. Dezember 2016
427,13 décembre 2016
428,11 octobre 2016
429,23. Dezember 2016
430,5. Oktober 2016
431,23. Dezember 2016
432,7. Oktober 2016
433,23. Dezember 2016
434,24 octobre 2016
435,11. Oktober 2016
436,20. Oktober 2016
437,21. November 2016
438,16 novembre 2016
439,24 novembre 2016
440,25. November 2016
441,11. November 2016
442,r novembre 2016
443,27. Oktober 2016
444,3 novembre 2016
445,27. Oktober 2016
446,24. November 2016
447,14. November 2016
448,24. November 2016
449,22 novembre 2016
450,21 novembre 2016
451,18. Oktober 2016
452,18. Oktober 2016
453,20 décembre 2016
454,17. Oktober 2016
455,22. Dezember 2016
456,13 octobre 2016
457,3. Oktober 2016
458,28. November 2016
459,12. Oktober 2016
460,13. Dezember 2016
461,16. Dezember 2016
462,21. Dezember 2016
463,30. November 2016
464,28 octobre 2016
465,25. November 2016
466,8 décembre 2016
467,21. Oktober 2016
468,8 décembre 2016
469,28 octobre 2016
470,7. Dezember 2016
471,27. Oktober 2016
472,12. Oktober 2016
473,8. Dezember 2016
474,20. Dezember 2016
475,20. Dezember 2016
476,21. Dezember 2016
477,12. Dezember 2016
478,19. Dezember 2016
479,12 octobre 2016
480,15 décembre 2016
481,12 octobre 2016
482,23 décembre 2016
483,19 octobre 2016
484,18. Oktober 2016
485,23. November 2016
486,8 novembre 2016
487,18. November 2016
488,7. November 2016
489,15. November 2016
490,14. November 2016
491,24 novembre 2016
492,14. November 2016
493,24 novembre 2016
494,27. Oktober 2016
495,8 novembre 2016
496,16. November 2016
497,17. November 2016
498,23 novembre 2016
499,20. Oktober 2016
500,18. Oktober 2016
501,15 décembre 2016
502,5 octobre 2016
503,22 décembre 2016
504,13 octobre 2016
505,14. Dezember 2016
506,15. Dezember 2016
507,6 décembre 2016
508,22. Dezember 2016
509,20. Dezember 2016
510,11. Oktober 2016
511,7. Dezember 2016
512,23 novembre 2016
513,27 octobre 2016
514,27 octobre 2016
515,7. November 2016
516,2. November 2016
517,31. Oktober 2016
518,31. Oktober 2016
519,r décembre 2016
520,9. Januar 2017
521,14 décembre 2016
522,23. November 2016
523,20. Dezember 2016
524,6. Dezember 2016
525,6. Oktober 2016
526,4. Januar 2017
527,6 octobre 2016
528,3. Januar 2017
529,24. Oktober 2016
530,24 octobre 2016
531,r décembre 2016
532,1. Dezember 2016
533,28. November 2016
534,11. November 2016
535,9 novembre 2016
536,17. November 2016
537,29. November 2016
538,30 novembre 2016
539,11. November 2016
540,21 novembre 2016
541,28. November 2016
542,9. November 2016
543,30. November 2016
544,18. November 2016
545,20. Oktober 2016
546,19 octobre 2016
547,3. Januar 2017
548,5 octobre 2016
549,5. Januar 2017
550,5 octobre 2016
551,8 décembre 2016
552,22 décembre 2016
553,6 décembre 2016
554,13. Dezember 2016
555,10. Januar 2017
556,5 décembre 2016
557,1. November 2016
558,2 décembre 2016
559,31. Oktober 2016
560,2. November 2016
561,10. Oktober 2016
562,7. November 2016
563,2 novembre 2016
564,2. Dezember 2016
565,31. Oktober 2016
566,27. Oktober 2016
567,28. Oktober 2016
568,4. Januar 2017
569,8. Dezember 2016
570,12. Dezember 2016
571,5. Oktober 2016
572,5. Januar 2017
573,6 octobre 2016
574,28. Dezember 2016
575,6 janvier 2017
576,30. November 2016
577,1. Dezember 2016
578,23. November 2016
579,11. November 2016
580,14. November 2016
581,28. November 2016
582,9. November 2016
583,9. November 2016
584,14 novembre 2016
585,29. November 2016
586,24. November 2016
587,11. November 2016
588,r décembre 2016
589,29. November 2016
590,3 janvier 2017
591,5. Januar 2017
592,10. Oktober 2016
593,5. Januar 2017
594,5. Oktober 2016
595,8. Dezember 2016
596,12. Dezember 2016
597,14 décembre 2016
598,12. Dezember 2016
599,3. November 2016
600,31. Oktober 2016
601,5. Dezember 2016
602,1. Dezember 2016
603,31. Oktober 2016
604,13. Oktober 2016
605,8. November 2016
606,7 novembre 2016
607,7 novembre 2016
608,2. November 2016
609,31. Oktober 2016
610,6 décembre 2016
611,r novembre 2016
612,8 décembre 2016
613,14. Dezember 2016
614,6. Oktober 2016
615,5. Januar 2017
616,10 octobre 2016
617,20 décembre 2016
618,7 décembre 2016
619,12. Dezember 2016
620,24. Oktober 2016
621,5. Januar 2017
622,30. November 2016
623,2. Dezember 2016
624,10. November 2016
625,9 novembre 2016
626,16. November 2016
627,11. November 2016
628,7 novembre 2016
629,24 novembre 2016
630,7 novembre 2016
631,8 novembre 2016
632,17. November 2016
633,10. November 2016
634,5 décembre 2016
635,30 novembre 2016
636,10. Januar 2017
637,12. Dezember 2016
638,7 décembre 2016
639,4 janvier 2017
640,7. Oktober 2016
641,5 janvier 2017
642,6 octobre 2016
643,13. Dezember 2016
644,8 décembre 2016
645,28. Oktober 2016
646,31. Oktober 2016
647,5. Dezember 2016
648,2. November 2016
649,7 novembre 2016
650,8. November 2016
651,31 octobre 2016
652,8. November 2016
653,1. Dezember 2016
654,1. November 2016
655,5. Dezember 2016
656,27. Oktober 2016
657,3. Januar 2017
658,14. Dezember 2016
659,6. Oktober 2016
660,22. Dezember 2016
661,5. Oktober 2016
662,4 janvier 2017
663,12. Dezember 2016
664,5. Oktober 2016
665,19 décembre 2016
666,24. Oktober 2016
667,24. Oktober 2016
668,1. Dezember 2016
669,11. November 2016
670,4 novembre 2016
671,14. November 2016
672,29. November 2016
673,16. November 2016
674,10 novembre 2016
675,16. November 2016
676,9 novembre 2016
677,11 novembre 2016
678,23 novembre 2016
679,1. November 2016
680,30. November 2016
681,2. Dezember 2016
682,13 octobre 2016
683,9 décembre 2016
684,3. Oktober 2016
685,12. Dezember 2016
686,4. Januar 2017
687,4. Oktober 2016
688,4. Januar 2017
689,7. Oktober 2016
690,14 décembre 2016
691,29. Dezember 2016
692,2. Dezember 2016
693,31. Oktober 2016
694,26. Oktober 2016
695,6. Dezember 2016
696,3 novembre 2016
697,2. November 2016
